CREATE DATABASE  IF NOT EXISTS `kabina` /*!40100 DEFAULT CHARACTER SET utf8 */ /*!80016 DEFAULT ENCRYPTION='N' */;
USE `kabina`;
-- MySQL dump 10.13  Distrib 8.0.17, for macos10.14 (x86_64)
--
-- Host: localhost    Database: kabina
-- ------------------------------------------------------
-- Server version	8.0.17

/*!40101 SET @OLD_CHARACTER_SET_CLIENT=@@CHARACTER_SET_CLIENT */;
/*!40101 SET @OLD_CHARACTER_SET_RESULTS=@@CHARACTER_SET_RESULTS */;
/*!40101 SET @OLD_COLLATION_CONNECTION=@@COLLATION_CONNECTION */;
/*!50503 SET NAMES utf8 */;
/*!40103 SET @OLD_TIME_ZONE=@@TIME_ZONE */;
/*!40103 SET TIME_ZONE='+00:00' */;
/*!40014 SET @OLD_UNIQUE_CHECKS=@@UNIQUE_CHECKS, UNIQUE_CHECKS=0 */;
/*!40014 SET @OLD_FOREIGN_KEY_CHECKS=@@FOREIGN_KEY_CHECKS, FOREIGN_KEY_CHECKS=0 */;
/*!40101 SET @OLD_SQL_MODE=@@SQL_MODE, SQL_MODE='NO_AUTO_VALUE_ON_ZERO' */;
/*!40111 SET @OLD_SQL_NOTES=@@SQL_NOTES, SQL_NOTES=0 */;

--
-- Table structure for table `booking`
--

DROP TABLE IF EXISTS `booking`;
/*!40101 SET @saved_cs_client     = @@character_set_client */;
/*!50503 SET character_set_client = utf8mb4 */;
CREATE TABLE `booking` (
  `bookingId` int(11) NOT NULL AUTO_INCREMENT,
  `userId` int(11) NOT NULL,
  `shelfId` char(5) NOT NULL,
  `startDate` date NOT NULL,
  `endDate` date NOT NULL,
  `expire` tinyint(4) DEFAULT '0',
  PRIMARY KEY (`bookingId`) USING BTREE,
  KEY `fk_BookingShelf` (`shelfId`) USING BTREE,
  KEY `fk_BookingUser` (`userId`) USING BTREE,
  CONSTRAINT `fk_BookingShelf` FOREIGN KEY (`shelfId`) REFERENCES `shelf` (`shelfId`),
  CONSTRAINT `fk_BookingUser` FOREIGN KEY (`userId`) REFERENCES `user` (`userId`) ON DELETE CASCADE
) ENGINE=InnoDB AUTO_INCREMENT=533 DEFAULT CHARSET=utf8 ROW_FORMAT=DYNAMIC;
/*!40101 SET character_set_client = @saved_cs_client */;

--
-- Dumping data for table `booking`
--

LOCK TABLES `booking` WRITE;
/*!40000 ALTER TABLE `booking` DISABLE KEYS */;
INSERT INTO `booking` VALUES (1,1,'14001','2019-09-09','2019-09-10',1),(2,1,'14001','2019-09-11','2019-09-13',1),(3,33,'14002','2019-09-09','2019-09-10',1),(4,32,'14003','2019-09-09','2019-09-10',1),(5,31,'14004','2019-09-09','2019-09-10',1),(6,30,'14005','2019-09-09','2019-09-10',1),(7,29,'14006','2019-09-09','2019-09-10',1),(8,28,'14007','2019-09-09','2019-09-10',1),(9,10,'14008','2019-09-09','2019-09-10',1),(10,11,'14009','2019-09-09','2019-09-10',1),(11,12,'14010','2019-09-09','2019-09-10',1),(12,13,'14011','2019-09-09','2019-09-10',1),(13,14,'14012','2019-09-09','2019-09-10',1),(14,15,'14013','2019-09-09','2019-09-10',1),(15,16,'14014','2019-09-09','2019-09-10',1),(16,17,'14015','2019-09-09','2019-09-10',1),(17,18,'14016','2019-09-09','2019-09-10',1),(18,19,'14017','2019-09-09','2019-09-10',1),(19,20,'14018','2019-09-09','2019-09-10',1),(20,21,'14019','2019-09-09','2019-09-10',1),(21,22,'14020','2019-09-09','2019-09-10',1),(22,23,'14017','2019-09-11','2019-09-12',1),(23,24,'14018','2019-09-12','2019-09-13',1),(24,25,'14019','2019-09-13','2019-09-13',1),(27,53,'14020','2019-09-11','2019-09-12',1),(28,54,'14020','2019-09-11','2019-09-13',1),(29,34,'14002','2019-09-11','2019-09-12',1),(30,35,'14003','2019-09-11','2019-09-12',1),(31,36,'14004','2019-09-11','2019-09-12',1),(32,37,'14005','2019-09-11','2019-09-12',1),(33,38,'14006','2019-09-11','2019-09-12',1),(34,39,'14007','2019-09-11','2019-09-12',1),(35,40,'14008','2019-09-11','2019-09-12',1),(36,41,'14009','2019-09-11','2019-09-12',1),(37,42,'14010','2019-09-11','2019-09-12',1),(38,43,'14011','2019-09-11','2019-09-12',1),(39,44,'14012','2019-09-11','2019-09-12',1),(40,45,'14013','2019-09-11','2019-09-12',1),(41,46,'14014','2019-09-11','2019-09-12',1),(42,47,'14015','2019-09-11','2019-09-12',1),(43,48,'14016','2019-09-11','2019-09-12',1),(44,49,'14017','2019-09-11','2019-09-12',1),(45,50,'14018','2019-09-11','2019-09-12',1),(46,51,'14019','2019-09-11','2019-09-12',1),(47,52,'14020','2019-09-11','2019-09-12',1),(48,50,'14017','2019-09-13','2019-09-13',1),(49,51,'14018','2019-09-13','2019-09-13',1),(50,52,'14019','2019-09-13','2019-09-13',1),(51,77,'12020','2019-09-11','2019-09-12',1),(52,76,'12020','2019-09-11','2019-09-13',1),(53,78,'12002','2019-09-11','2019-09-12',1),(54,79,'12003','2019-09-11','2019-09-12',1),(55,80,'12004','2019-09-11','2019-09-12',1),(56,81,'12005','2019-09-11','2019-09-12',1),(57,82,'12006','2019-09-11','2019-09-12',1),(58,83,'12007','2019-09-11','2019-09-12',1),(59,84,'12008','2019-09-11','2019-09-12',1),(60,85,'12009','2019-09-11','2019-09-12',1),(61,86,'12010','2019-09-11','2019-09-12',1),(62,87,'12011','2019-09-11','2019-09-12',1),(63,88,'12012','2019-09-11','2019-09-12',1),(64,89,'12013','2019-09-11','2019-09-12',1),(65,90,'12014','2019-09-11','2019-09-12',1),(66,91,'12015','2019-09-11','2019-09-12',1),(67,92,'12016','2019-09-11','2019-09-12',1),(68,93,'12017','2019-09-11','2019-09-12',1),(69,94,'12018','2019-09-11','2019-09-12',1),(70,95,'12019','2019-09-11','2019-09-12',1),(71,96,'12020','2019-09-11','2019-09-12',1),(72,94,'12017','2019-09-13','2019-09-13',1),(73,95,'12018','2019-09-13','2019-09-13',1),(74,96,'12019','2019-09-13','2019-09-13',1),(75,4,'10002','2019-09-11','2019-09-12',1),(76,98,'10003','2019-09-11','2019-09-12',1),(77,99,'10004','2019-09-11','2019-09-12',1),(78,100,'10005','2019-09-11','2019-09-12',1),(79,101,'10006','2019-09-11','2019-09-12',1),(80,102,'10007','2019-09-11','2019-09-12',1),(81,103,'10008','2019-09-11','2019-09-12',1),(82,104,'10009','2019-09-11','2019-09-12',1),(83,105,'10010','2019-09-11','2019-09-12',1),(84,106,'10011','2019-09-11','2019-09-12',1),(85,107,'10012','2019-09-11','2019-09-12',1),(86,108,'10013','2019-09-11','2019-09-12',1),(87,109,'10014','2019-09-11','2019-09-12',1),(88,110,'10015','2019-09-11','2019-09-12',1),(89,111,'10016','2019-09-11','2019-09-12',1),(90,112,'10017','2019-09-11','2019-09-12',1),(91,113,'10018','2019-09-11','2019-09-12',1),(92,114,'10019','2019-09-11','2019-09-12',1),(93,115,'10020','2019-09-11','2019-09-12',1),(94,116,'10017','2019-09-11','2019-09-12',1),(95,117,'10018','2019-09-11','2019-09-12',1),(224,5,'09001','2019-09-11','2019-09-12',1),(225,118,'09002','2019-09-11','2019-09-12',1),(226,119,'09003','2019-09-11','2019-09-12',1),(227,120,'09004','2019-09-11','2019-09-12',1),(228,121,'09005','2019-09-11','2019-09-12',1),(229,122,'09006','2019-09-11','2019-09-12',1),(230,123,'09007','2019-09-11','2019-09-12',1),(231,124,'09008','2019-09-11','2019-09-12',1),(232,125,'09009','2019-09-11','2019-09-12',1),(233,126,'09010','2019-09-11','2019-09-12',1),(234,127,'09011','2019-09-11','2019-09-12',1),(235,128,'09012','2019-09-11','2019-09-12',1),(236,129,'09013','2019-09-11','2019-09-12',1),(237,130,'09014','2019-09-11','2019-09-12',1),(238,131,'09015','2019-09-11','2019-09-12',1),(239,132,'09016','2019-09-11','2019-09-12',1),(240,133,'09017','2019-09-11','2019-09-12',1),(241,134,'09018','2019-09-11','2019-09-12',1),(242,135,'09019','2019-09-11','2019-09-12',1),(243,136,'09020','2019-09-11','2019-09-12',1),(244,137,'09021','2019-09-11','2019-09-12',1),(245,138,'09022','2019-09-11','2019-09-12',1),(246,6,'09001','2019-09-11','2019-09-12',1),(247,139,'09023','2019-09-11','2019-09-12',1),(248,140,'09024','2019-09-11','2019-09-12',1),(249,141,'09025','2019-09-11','2019-09-12',1),(250,142,'09026','2019-09-11','2019-09-12',1),(251,143,'09027','2019-09-11','2019-09-12',1),(252,144,'09028','2019-09-11','2019-09-12',1),(253,145,'09029','2019-09-11','2019-09-12',1),(254,146,'09030','2019-09-11','2019-09-12',1),(255,147,'09031','2019-09-11','2019-09-12',1),(256,148,'09032','2019-09-11','2019-09-12',1),(257,149,'09033','2019-09-11','2019-09-12',1),(258,150,'09034','2019-09-11','2019-09-12',1),(259,151,'09035','2019-09-11','2019-09-12',1),(260,152,'09036','2019-09-11','2019-09-12',1),(261,153,'09037','2019-09-11','2019-09-12',1),(262,154,'09038','2019-09-11','2019-09-12',1),(263,155,'09039','2019-09-11','2019-09-12',1),(264,156,'09040','2019-09-11','2019-09-12',1),(265,157,'09041','2019-09-11','2019-09-12',1),(266,158,'09042','2019-09-11','2019-09-12',1),(267,159,'09043','2019-09-11','2019-09-12',1),(268,160,'09044','2019-09-11','2019-09-12',1),(269,161,'09045','2019-09-11','2019-09-12',1),(270,162,'09046','2019-09-11','2019-09-12',1),(271,163,'09047','2019-09-11','2019-09-12',1),(272,164,'09048','2019-09-11','2019-09-12',1),(273,165,'09049','2019-09-11','2019-09-12',1),(274,166,'09050','2019-09-11','2019-09-12',1),(275,167,'09051','2019-09-11','2019-09-12',1),(276,168,'09052','2019-09-11','2019-09-12',1),(277,169,'09053','2019-09-11','2019-09-12',1),(278,170,'09054','2019-09-11','2019-09-12',1),(279,171,'09055','2019-09-11','2019-09-12',1),(280,172,'09056','2019-09-11','2019-09-12',1),(281,173,'09057','2019-09-11','2019-09-12',1),(282,174,'09058','2019-09-11','2019-09-12',1),(283,175,'09059','2019-09-11','2019-09-12',1),(284,176,'09060','2019-09-11','2019-09-12',1),(285,177,'09061','2019-09-11','2019-09-12',1),(286,178,'09062','2019-09-11','2019-09-12',1),(287,179,'09063','2019-09-11','2019-09-12',1),(288,180,'09064','2019-09-11','2019-09-12',1),(289,7,'09086','2019-09-11','2019-09-12',1),(290,181,'09065','2019-09-11','2019-09-12',1),(291,182,'09066','2019-09-11','2019-09-12',1),(292,183,'09067','2019-09-11','2019-09-12',1),(293,184,'09068','2019-09-11','2019-09-12',1),(294,185,'09069','2019-09-11','2019-09-12',1),(295,186,'09070','2019-09-11','2019-09-12',1),(296,187,'09071','2019-09-11','2019-09-12',1),(297,188,'09072','2019-09-11','2019-09-12',1),(298,189,'09073','2019-09-11','2019-09-12',1),(299,190,'09074','2019-09-11','2019-09-12',1),(300,191,'09075','2019-09-11','2019-09-12',1),(301,192,'09076','2019-09-11','2019-09-12',1),(302,193,'09077','2019-09-11','2019-09-12',1),(303,194,'09078','2019-09-11','2019-09-12',1),(304,195,'09079','2019-09-11','2019-09-12',1),(305,196,'09080','2019-09-11','2019-09-12',1),(306,197,'09081','2019-09-11','2019-09-12',1),(307,198,'09082','2019-09-11','2019-09-12',1),(308,199,'09083','2019-09-11','2019-09-12',1),(309,200,'09084','2019-09-11','2019-09-12',1),(310,201,'09085','2019-09-11','2019-09-12',1),(311,8,'09086','2019-09-13','2019-09-13',1),(312,202,'09066','2019-09-13','2019-09-13',1),(313,203,'09067','2019-09-13','2019-09-13',1),(314,204,'09068','2019-09-13','2019-09-13',1),(315,205,'09069','2019-09-13','2019-09-13',1),(316,206,'09070','2019-09-13','2019-09-13',1),(317,207,'09071','2019-09-13','2019-09-13',1),(318,208,'09072','2019-09-13','2019-09-13',1),(319,209,'09073','2019-09-13','2019-09-13',1),(320,210,'09074','2019-09-13','2019-09-13',1),(321,211,'09075','2019-09-13','2019-09-13',1),(322,212,'09076','2019-09-13','2019-09-13',1),(323,213,'09077','2019-09-13','2019-09-13',1),(324,214,'09078','2019-09-13','2019-09-13',1),(325,215,'09079','2019-09-13','2019-09-13',1),(326,216,'09080','2019-09-13','2019-09-13',1),(327,217,'09081','2019-09-13','2019-09-13',1),(328,218,'09082','2019-09-13','2019-09-13',1),(329,219,'09083','2019-09-13','2019-09-13',1),(330,220,'09084','2019-09-13','2019-09-13',1),(331,221,'09085','2019-09-13','2019-09-13',1),(332,1,'14001','2019-09-16','2019-09-17',0),(333,1,'14001','2019-09-18','2019-09-19',0),(334,33,'14002','2019-09-16','2019-09-17',0),(335,32,'14003','2019-09-16','2019-09-17',0),(336,31,'14004','2019-09-16','2019-09-17',0),(337,30,'14005','2019-09-16','2019-09-17',0),(338,29,'14006','2019-09-16','2019-09-17',0),(339,28,'14007','2019-09-16','2019-09-17',0),(340,10,'14008','2019-09-16','2019-09-17',0),(341,11,'14009','2019-09-16','2019-09-17',0),(342,12,'14010','2019-09-16','2019-09-17',0),(343,13,'14011','2019-09-16','2019-09-17',0),(344,14,'14012','2019-09-16','2019-09-17',0),(345,15,'14013','2019-09-16','2019-09-17',0),(346,16,'14014','2019-09-16','2019-09-17',0),(347,17,'14015','2019-09-16','2019-09-17',0),(348,18,'14016','2019-09-16','2019-09-17',0),(349,19,'14017','2019-09-16','2019-09-17',0),(350,20,'14018','2019-09-16','2019-09-17',0),(351,21,'14019','2019-09-16','2019-09-17',0),(352,22,'14020','2019-09-16','2019-09-17',0),(353,23,'14017','2019-09-18','2019-09-19',0),(354,24,'14018','2019-09-19','2019-09-19',0),(355,25,'14019','2019-09-19','2019-09-19',0),(356,53,'14020','2019-09-18','2019-09-19',0),(357,54,'14020','2019-09-18','2019-09-13',1),(358,34,'14002','2019-09-18','2019-09-19',0),(359,35,'14003','2019-09-18','2019-09-19',0),(360,36,'14004','2019-09-18','2019-09-19',0),(361,37,'14005','2019-09-18','2019-09-19',0),(362,38,'14006','2019-09-18','2019-09-19',0),(363,39,'14007','2019-09-18','2019-09-19',0),(364,40,'14008','2019-09-18','2019-09-19',0),(365,41,'14009','2019-09-18','2019-09-19',0),(366,42,'14010','2019-09-18','2019-09-19',0),(367,43,'14011','2019-09-18','2019-09-19',0),(368,44,'14012','2019-09-18','2019-09-19',0),(369,45,'14013','2019-09-18','2019-09-19',0),(370,46,'14014','2019-09-18','2019-09-19',0),(371,47,'14015','2019-09-18','2019-09-19',0),(372,48,'14016','2019-09-18','2019-09-19',0),(373,49,'14017','2019-09-18','2019-09-19',0),(374,50,'14018','2019-09-18','2019-09-19',0),(375,51,'14019','2019-09-18','2019-09-19',0),(376,52,'14020','2019-09-18','2019-09-19',0),(377,50,'14017','2019-09-19','2019-09-19',0),(378,51,'14018','2019-09-19','2019-09-19',0),(379,52,'14019','2019-09-19','2019-09-19',0),(380,77,'12020','2019-09-19','2019-09-19',0),(381,76,'12020','2019-09-19','2019-09-13',1),(382,78,'12002','2019-09-19','2019-09-19',0),(383,79,'12003','2019-09-19','2019-09-19',0),(384,80,'12004','2019-09-19','2019-09-19',0),(385,81,'12005','2019-09-19','2019-09-19',0),(386,82,'12006','2019-09-19','2019-09-19',0),(387,83,'12007','2019-09-19','2019-09-19',0),(388,84,'12008','2019-09-19','2019-09-19',0),(389,85,'12009','2019-09-19','2019-09-19',0),(390,86,'12010','2019-09-19','2019-09-19',0),(391,87,'12011','2019-09-19','2019-09-19',0),(392,88,'12012','2019-09-19','2019-09-19',0),(393,89,'12013','2019-09-19','2019-09-19',0),(394,90,'12014','2019-09-19','2019-09-19',0),(395,91,'12015','2019-09-19','2019-09-19',0),(396,92,'12016','2019-09-19','2019-09-19',0),(397,93,'12017','2019-09-19','2019-09-19',0),(398,94,'12018','2019-09-19','2019-09-19',0),(399,95,'12019','2019-09-19','2019-09-19',0),(400,96,'12020','2019-09-19','2019-09-19',0),(401,94,'12017','2019-09-18','2019-09-18',0),(402,95,'12018','2019-09-18','2019-09-18',0),(403,96,'12019','2019-09-18','2019-09-18',0),(404,4,'10002','2019-09-19','2019-09-19',0),(405,98,'10003','2019-09-19','2019-09-19',0),(406,99,'10004','2019-09-19','2019-09-19',0),(407,100,'10005','2019-09-19','2019-09-19',0),(408,101,'10006','2019-09-19','2019-09-19',0),(409,102,'10007','2019-09-19','2019-09-19',0),(410,103,'10008','2019-09-19','2019-09-19',0),(411,104,'10009','2019-09-19','2019-09-19',0),(412,105,'10010','2019-09-19','2019-09-19',0),(413,106,'10011','2019-09-19','2019-09-19',0),(414,107,'10012','2019-09-19','2019-09-19',0),(415,108,'10013','2019-09-19','2019-09-19',0),(416,109,'10014','2019-09-19','2019-09-19',0),(417,110,'10015','2019-09-19','2019-09-19',0),(418,111,'10016','2019-09-19','2019-09-19',0),(419,112,'10017','2019-09-19','2019-09-19',0),(420,113,'10018','2019-09-19','2019-09-19',0),(421,114,'10019','2019-09-19','2019-09-19',0),(422,115,'10020','2019-09-18','2019-09-18',0),(423,116,'10017','2019-09-18','2019-09-18',0),(424,117,'10018','2019-09-18','2019-09-18',0),(425,5,'09001','2019-09-18','2019-09-19',0),(426,118,'09002','2019-09-18','2019-09-19',0),(427,119,'09003','2019-09-18','2019-09-19',0),(428,120,'09004','2019-09-18','2019-09-19',0),(429,121,'09005','2019-09-18','2019-09-19',0),(430,122,'09006','2019-09-18','2019-09-19',0),(431,123,'09007','2019-09-18','2019-09-19',0),(432,124,'09008','2019-09-18','2019-09-19',0),(433,125,'09009','2019-09-18','2019-09-19',0),(434,126,'09010','2019-09-18','2019-09-19',0),(435,127,'09011','2019-09-18','2019-09-19',0),(436,128,'09012','2019-09-18','2019-09-19',0),(437,129,'09013','2019-09-18','2019-09-19',0),(438,130,'09014','2019-09-18','2019-09-19',0),(439,131,'09015','2019-09-18','2019-09-19',0),(440,132,'09016','2019-09-18','2019-09-19',0),(441,133,'09017','2019-09-18','2019-09-19',0),(442,134,'09018','2019-09-18','2019-09-19',0),(443,135,'09019','2019-09-18','2019-09-19',0),(444,136,'09020','2019-09-18','2019-09-19',0),(445,137,'09021','2019-09-18','2019-09-19',0),(446,138,'09022','2019-09-18','2019-09-19',0),(447,6,'09001','2019-09-19','2019-09-19',0),(448,139,'09023','2019-09-19','2019-09-19',0),(449,140,'09024','2019-09-19','2019-09-19',0),(450,141,'09025','2019-09-19','2019-09-19',0),(451,142,'09026','2019-09-19','2019-09-19',0),(452,143,'09027','2019-09-19','2019-09-19',0),(453,144,'09028','2019-09-19','2019-09-19',0),(454,145,'09029','2019-09-19','2019-09-19',0),(455,146,'09030','2019-09-19','2019-09-19',0),(456,147,'09031','2019-09-19','2019-09-19',0),(457,148,'09032','2019-09-19','2019-09-19',0),(458,149,'09033','2019-09-19','2019-09-19',0),(459,150,'09034','2019-09-19','2019-09-19',0),(460,151,'09035','2019-09-19','2019-09-19',0),(461,152,'09036','2019-09-19','2019-09-19',0),(462,153,'09037','2019-09-19','2019-09-19',0),(463,154,'09038','2019-09-19','2019-09-19',0),(464,155,'09039','2019-09-19','2019-09-19',0),(465,156,'09040','2019-09-19','2019-09-19',0),(466,157,'09041','2019-09-19','2019-09-19',0),(467,158,'09042','2019-09-19','2019-09-19',0),(468,159,'09043','2019-09-19','2019-09-19',0),(469,160,'09044','2019-09-19','2019-09-19',0),(470,161,'09045','2019-09-19','2019-09-19',0),(471,162,'09046','2019-09-19','2019-09-19',0),(472,163,'09047','2019-09-19','2019-09-19',0),(473,164,'09048','2019-09-19','2019-09-19',0),(474,165,'09049','2019-09-19','2019-09-19',0),(475,166,'09050','2019-09-19','2019-09-19',0),(476,167,'09051','2019-09-19','2019-09-19',0),(477,168,'09052','2019-09-19','2019-09-19',0),(478,169,'09053','2019-09-19','2019-09-19',0),(479,170,'09054','2019-09-19','2019-09-19',0),(480,171,'09055','2019-09-19','2019-09-19',0),(481,172,'09056','2019-09-19','2019-09-19',0),(482,173,'09057','2019-09-19','2019-09-19',0),(483,174,'09058','2019-09-19','2019-09-19',0),(484,175,'09059','2019-09-19','2019-09-19',0),(485,176,'09060','2019-09-19','2019-09-19',0),(486,177,'09061','2019-09-19','2019-09-19',0),(487,178,'09062','2019-09-19','2019-09-19',0),(488,179,'09063','2019-09-19','2019-09-19',0),(489,180,'09064','2019-09-19','2019-09-19',0),(490,7,'09086','2019-09-19','2019-09-19',0),(491,181,'09065','2019-09-19','2019-09-19',0),(492,182,'09066','2019-09-19','2019-09-19',0),(493,183,'09067','2019-09-19','2019-09-19',0),(494,184,'09068','2019-09-19','2019-09-19',0),(495,185,'09069','2019-09-19','2019-09-19',0),(496,186,'09070','2019-09-19','2019-09-19',0),(497,187,'09071','2019-09-19','2019-09-19',0),(498,188,'09072','2019-09-19','2019-09-19',0),(499,189,'09073','2019-09-19','2019-09-19',0),(500,190,'09074','2019-09-19','2019-09-19',0),(501,191,'09075','2019-09-19','2019-09-19',0),(502,192,'09076','2019-09-19','2019-09-19',0),(503,193,'09077','2019-09-19','2019-09-19',0),(504,194,'09078','2019-09-19','2019-09-19',0),(505,195,'09079','2019-09-19','2019-09-19',0),(506,196,'09080','2019-09-19','2019-09-19',0),(507,197,'09081','2019-09-19','2019-09-19',0),(508,198,'09082','2019-09-19','2019-09-19',0),(509,199,'09083','2019-09-19','2019-09-19',0),(510,200,'09084','2019-09-19','2019-09-19',0),(511,201,'09085','2019-09-19','2019-09-19',0),(512,8,'09086','2019-09-20','2019-09-20',0),(513,202,'09066','2019-09-20','2019-09-20',0),(514,203,'09067','2019-09-20','2019-09-20',0),(515,204,'09068','2019-09-20','2019-09-20',0),(516,205,'09069','2019-09-20','2019-09-20',0),(517,206,'09070','2019-09-20','2019-09-20',0),(518,207,'09071','2019-09-20','2019-09-20',0),(519,208,'09072','2019-09-20','2019-09-20',0),(520,209,'09073','2019-09-20','2019-09-20',0),(521,210,'09074','2019-09-20','2019-09-20',0),(522,211,'09075','2019-09-20','2019-09-20',0),(523,212,'09076','2019-09-20','2019-09-20',0),(524,213,'09077','2019-09-20','2019-09-20',0),(525,214,'09078','2019-09-20','2019-09-20',0),(526,215,'09079','2019-09-20','2019-09-20',0),(527,216,'09080','2019-09-20','2019-09-20',0),(528,217,'09081','2019-09-20','2019-09-20',0),(529,218,'09082','2019-09-20','2019-09-20',0),(530,219,'09083','2019-09-20','2019-09-20',0),(531,220,'09084','2019-09-20','2019-09-20',0),(532,221,'09085','2019-09-20','2019-09-20',0);
/*!40000 ALTER TABLE `booking` ENABLE KEYS */;
UNLOCK TABLES;

--
-- Table structure for table `bookingtemp`
--

DROP TABLE IF EXISTS `bookingtemp`;
/*!40101 SET @saved_cs_client     = @@character_set_client */;
/*!50503 SET character_set_client = utf8mb4 */;
CREATE TABLE `bookingtemp` (
  `bookingId` int(11) NOT NULL AUTO_INCREMENT,
  `userId` int(11) NOT NULL,
  `shelfId` char(5) NOT NULL,
  `startDate` date NOT NULL,
  `endDate` date NOT NULL,
  `expire` tinyint(4) DEFAULT '0',
  PRIMARY KEY (`bookingId`,`startDate`) USING BTREE,
  KEY `fk_BookingTempShelf` (`shelfId`) USING BTREE,
  KEY `fk_BookingTempUser` (`userId`) USING BTREE,
  CONSTRAINT `fk_BookingTempShelf` FOREIGN KEY (`shelfId`) REFERENCES `shelf` (`shelfId`),
  CONSTRAINT `fk_BookingTempUser` FOREIGN KEY (`userId`) REFERENCES `user` (`userId`) ON DELETE CASCADE
) ENGINE=InnoDB AUTO_INCREMENT=284 DEFAULT CHARSET=utf8 ROW_FORMAT=DYNAMIC;
/*!40101 SET character_set_client = @saved_cs_client */;

--
-- Dumping data for table `bookingtemp`
--

LOCK TABLES `bookingtemp` WRITE;
/*!40000 ALTER TABLE `bookingtemp` DISABLE KEYS */;
INSERT INTO `bookingtemp` VALUES (94,1,'14001','2019-09-20','2019-09-20',0),(95,1,'14001','2019-09-20','2019-09-20',0),(96,33,'14002','2019-09-20','2019-09-20',0),(97,32,'14003','2019-09-20','2019-09-20',0),(98,31,'14004','2019-09-20','2019-09-20',0),(99,30,'14005','2019-09-20','2019-09-20',0),(100,29,'14006','2019-09-20','2019-09-20',0),(101,28,'14007','2019-09-20','2019-09-20',0),(102,10,'14008','2019-09-20','2019-09-20',0),(103,11,'14009','2019-09-20','2019-09-20',0),(104,12,'14010','2019-09-20','2019-09-20',0),(105,13,'14011','2019-09-20','2019-09-20',0),(106,14,'14012','2019-09-20','2019-09-20',0),(107,15,'14013','2019-09-20','2019-09-20',0),(108,16,'14014','2019-09-20','2019-09-20',0),(109,17,'14015','2019-09-20','2019-09-20',0),(110,18,'14016','2019-09-20','2019-09-20',0),(111,19,'14017','2019-09-20','2019-09-20',0),(112,20,'14018','2019-09-20','2019-09-20',0),(113,21,'14019','2019-09-20','2019-09-20',0),(114,22,'14020','2019-09-20','2019-09-20',0),(115,53,'14020','2019-09-20','2019-09-20',0),(116,54,'14020','2019-09-20','2019-09-13',1),(117,34,'14002','2019-09-20','2019-09-20',0),(118,35,'14003','2019-09-20','2019-09-20',0),(119,36,'14004','2019-09-20','2019-09-20',0),(120,37,'14005','2019-09-20','2019-09-20',0),(121,38,'14006','2019-09-20','2019-09-20',0),(122,39,'14007','2019-09-20','2019-09-20',0),(123,40,'14008','2019-09-20','2019-09-20',0),(124,41,'14009','2019-09-20','2019-09-20',0),(125,42,'14010','2019-09-20','2019-09-20',0),(126,43,'14011','2019-09-20','2019-09-20',0),(127,44,'14012','2019-09-20','2019-09-20',0),(128,45,'14013','2019-09-20','2019-09-20',0),(129,46,'14014','2019-09-20','2019-09-20',0),(130,47,'14015','2019-09-20','2019-09-20',0),(131,48,'14016','2019-09-20','2019-09-20',0),(132,49,'14017','2019-09-20','2019-09-20',0),(133,50,'14018','2019-09-20','2019-09-20',0),(134,51,'14019','2019-09-20','2019-09-20',0),(135,52,'14020','2019-09-20','2019-09-20',0),(136,77,'12020','2019-09-20','2019-09-20',0),(137,76,'12020','2019-09-20','2019-09-20',1),(138,78,'12002','2019-09-20','2019-09-20',0),(139,79,'12003','2019-09-20','2019-09-20',0),(140,80,'12004','2019-09-20','2019-09-20',0),(141,81,'12005','2019-09-20','2019-09-20',0),(142,82,'12006','2019-09-20','2019-09-20',0),(143,83,'12007','2019-09-20','2019-09-20',0),(144,84,'12008','2019-09-20','2019-09-20',0),(145,85,'12009','2019-09-20','2019-09-20',0),(146,86,'12010','2019-09-20','2019-09-20',0),(147,87,'12011','2019-09-20','2019-09-20',0),(148,88,'12012','2019-09-20','2019-09-20',0),(149,89,'12013','2019-09-20','2019-09-20',0),(150,90,'12014','2019-09-20','2019-09-20',0),(151,91,'12015','2019-09-20','2019-09-20',0),(152,92,'12016','2019-09-20','2019-09-20',0),(153,93,'12017','2019-09-20','2019-09-20',0),(154,94,'12018','2019-09-20','2019-09-20',0),(155,95,'12019','2019-09-20','2019-09-20',0),(156,96,'12020','2019-09-20','2019-09-20',0),(157,4,'10002','2019-09-20','2019-09-20',0),(158,98,'10003','2019-09-20','2019-09-20',0),(159,99,'10004','2019-09-20','2019-09-20',0),(160,100,'10005','2019-09-20','2019-09-20',0),(161,101,'10006','2019-09-20','2019-09-20',0),(162,102,'10007','2019-09-20','2019-09-20',0),(163,103,'10008','2019-09-20','2019-09-20',0),(164,104,'10009','2019-09-20','2019-09-20',0),(165,105,'10010','2019-09-20','2019-09-20',0),(166,106,'10011','2019-09-20','2019-09-20',0),(167,107,'10012','2019-09-20','2019-09-20',0),(168,108,'10013','2019-09-20','2019-09-20',0),(169,109,'10014','2019-09-20','2019-09-20',0),(170,110,'10015','2019-09-20','2019-09-20',0),(171,111,'10016','2019-09-20','2019-09-20',0),(172,112,'10017','2019-09-20','2019-09-20',0),(173,113,'10018','2019-09-20','2019-09-20',0),(174,114,'10019','2019-09-20','2019-09-20',0),(175,115,'10020','2019-09-20','2019-09-20',0),(176,5,'09001','2019-09-20','2019-09-20',0),(177,118,'09002','2019-09-20','2019-09-20',0),(178,119,'09003','2019-09-20','2019-09-20',0),(179,120,'09004','2019-09-20','2019-09-20',0),(180,121,'09005','2019-09-20','2019-09-20',0),(181,122,'09006','2019-09-20','2019-09-20',0),(182,123,'09007','2019-09-20','2019-09-20',0),(183,124,'09008','2019-09-20','2019-09-20',0),(184,125,'09009','2019-09-20','2019-09-20',0),(185,126,'09010','2019-09-20','2019-09-20',0),(186,127,'09011','2019-09-20','2019-09-20',0),(187,128,'09012','2019-09-20','2019-09-20',0),(188,129,'09013','2019-09-20','2019-09-20',0),(189,130,'09014','2019-09-20','2019-09-20',0),(190,131,'09015','2019-09-20','2019-09-20',0),(191,132,'09016','2019-09-20','2019-09-20',0),(192,133,'09017','2019-09-20','2019-09-20',0),(193,134,'09018','2019-09-20','2019-09-20',0),(194,135,'09019','2019-09-20','2019-09-20',0),(195,136,'09020','2019-09-20','2019-09-20',0),(196,137,'09021','2019-09-20','2019-09-20',0),(197,138,'09022','2019-09-20','2019-09-20',0),(198,6,'09001','2019-09-20','2019-09-20',0),(199,139,'09023','2019-09-20','2019-09-20',0),(200,140,'09024','2019-09-20','2019-09-20',0),(201,141,'09025','2019-09-20','2019-09-20',0),(202,142,'09026','2019-09-20','2019-09-20',0),(203,143,'09027','2019-09-20','2019-09-20',0),(204,144,'09028','2019-09-20','2019-09-20',0),(205,145,'09029','2019-09-20','2019-09-20',0),(206,146,'09030','2019-09-20','2019-09-20',0),(207,147,'09031','2019-09-20','2019-09-20',0),(208,148,'09032','2019-09-20','2019-09-20',0),(209,149,'09033','2019-09-20','2019-09-20',0),(210,150,'09034','2019-09-20','2019-09-20',0),(211,151,'09035','2019-09-20','2019-09-20',0),(212,152,'09036','2019-09-20','2019-09-20',0),(213,153,'09037','2019-09-20','2019-09-20',0),(214,154,'09038','2019-09-20','2019-09-20',0),(215,155,'09039','2019-09-20','2019-09-20',0),(216,156,'09040','2019-09-20','2019-09-20',0),(217,157,'09041','2019-09-20','2019-09-20',0),(218,158,'09042','2019-09-20','2019-09-20',0),(219,159,'09043','2019-09-20','2019-09-20',0),(220,160,'09044','2019-09-20','2019-09-20',0),(221,161,'09045','2019-09-20','2019-09-20',0),(222,162,'09046','2019-09-20','2019-09-20',0),(223,163,'09047','2019-09-20','2019-09-20',0),(224,164,'09048','2019-09-20','2019-09-20',0),(225,165,'09049','2019-09-20','2019-09-20',0),(226,166,'09050','2019-09-20','2019-09-20',0),(227,167,'09051','2019-09-20','2019-09-20',0),(228,168,'09052','2019-09-20','2019-09-20',0),(229,169,'09053','2019-09-20','2019-09-20',0),(230,170,'09054','2019-09-20','2019-09-20',0),(231,171,'09055','2019-09-20','2019-09-20',0),(232,172,'09056','2019-09-20','2019-09-20',0),(233,173,'09057','2019-09-20','2019-09-20',0),(234,174,'09058','2019-09-20','2019-09-20',0),(235,175,'09059','2019-09-20','2019-09-20',0),(236,176,'09060','2019-09-20','2019-09-20',0),(237,177,'09061','2019-09-20','2019-09-20',0),(238,178,'09062','2019-09-20','2019-09-20',0),(239,179,'09063','2019-09-20','2019-09-20',0),(240,180,'09064','2019-09-20','2019-09-20',0),(241,7,'09086','2019-09-20','2019-09-20',0),(242,181,'09065','2019-09-20','2019-09-20',0),(243,182,'09066','2019-09-20','2019-09-20',0),(244,183,'09067','2019-09-20','2019-09-20',0),(245,184,'09068','2019-09-20','2019-09-20',0),(246,185,'09069','2019-09-20','2019-09-20',0),(247,186,'09070','2019-09-20','2019-09-20',0),(248,187,'09071','2019-09-20','2019-09-20',0),(249,188,'09072','2019-09-20','2019-09-20',0),(250,189,'09073','2019-09-20','2019-09-20',0),(251,190,'09074','2019-09-20','2019-09-20',0),(252,191,'09075','2019-09-20','2019-09-20',0),(253,192,'09076','2019-09-20','2019-09-20',0),(254,193,'09077','2019-09-20','2019-09-20',0),(255,194,'09078','2019-09-20','2019-09-20',0),(256,195,'09079','2019-09-20','2019-09-20',0),(257,196,'09080','2019-09-20','2019-09-20',0),(258,197,'09081','2019-09-20','2019-09-20',0),(259,198,'09082','2019-09-20','2019-09-20',0),(260,199,'09083','2019-09-20','2019-09-20',0),(261,200,'09084','2019-09-20','2019-09-20',0),(262,201,'09085','2019-09-20','2019-09-20',0),(263,8,'09086','2019-09-19','2019-09-19',0),(264,202,'09066','2019-09-19','2019-09-19',0),(265,203,'09067','2019-09-19','2019-09-19',0),(266,204,'09068','2019-09-19','2019-09-19',0),(267,205,'09069','2019-09-19','2019-09-19',0),(268,206,'09070','2019-09-19','2019-09-19',0),(269,207,'09071','2019-09-19','2019-09-19',0),(270,208,'09072','2019-09-19','2019-09-19',0),(271,209,'09073','2019-09-19','2019-09-19',0),(272,210,'09074','2019-09-19','2019-09-19',0),(273,211,'09075','2019-09-19','2019-09-19',0),(274,212,'09076','2019-09-19','2019-09-19',0),(275,213,'09077','2019-09-19','2019-09-19',0),(276,214,'09078','2019-09-19','2019-09-19',0),(277,215,'09079','2019-09-19','2019-09-19',0),(278,216,'09080','2019-09-19','2019-09-19',0),(279,217,'09081','2019-09-19','2019-09-19',0),(280,218,'09082','2019-09-19','2019-09-19',0),(281,219,'09083','2019-09-19','2019-09-19',0),(282,220,'09084','2019-09-19','2019-09-19',0),(283,221,'09085','2019-09-19','2019-09-19',0);
/*!40000 ALTER TABLE `bookingtemp` ENABLE KEYS */;
UNLOCK TABLES;

--
-- Table structure for table `floor`
--

DROP TABLE IF EXISTS `floor`;
/*!40101 SET @saved_cs_client     = @@character_set_client */;
/*!50503 SET character_set_client = utf8mb4 */;
CREATE TABLE `floor` (
  `floor` int(11) NOT NULL,
  PRIMARY KEY (`floor`) USING BTREE
) ENGINE=InnoDB DEFAULT CHARSET=utf8 ROW_FORMAT=DYNAMIC;
/*!40101 SET character_set_client = @saved_cs_client */;

--
-- Dumping data for table `floor`
--

LOCK TABLES `floor` WRITE;
/*!40000 ALTER TABLE `floor` DISABLE KEYS */;
INSERT INTO `floor` VALUES (9),(10),(11),(12),(14);
/*!40000 ALTER TABLE `floor` ENABLE KEYS */;
UNLOCK TABLES;

--
-- Table structure for table `floor_unit`
--

DROP TABLE IF EXISTS `floor_unit`;
/*!40101 SET @saved_cs_client     = @@character_set_client */;
/*!50503 SET character_set_client = utf8mb4 */;
CREATE TABLE `floor_unit` (
  `id` int(11) NOT NULL AUTO_INCREMENT,
  `floorId` int(11) NOT NULL,
  `unitId` int(11) NOT NULL,
  PRIMARY KEY (`id`),
  KEY `fkFloor_idx` (`floorId`),
  KEY `fkUnit_idx` (`unitId`),
  CONSTRAINT `fkFloor` FOREIGN KEY (`floorId`) REFERENCES `floor` (`floor`),
  CONSTRAINT `fkUnit` FOREIGN KEY (`unitId`) REFERENCES `unit` (`unitId`)
) ENGINE=InnoDB AUTO_INCREMENT=33 DEFAULT CHARSET=utf8;
/*!40101 SET character_set_client = @saved_cs_client */;

--
-- Dumping data for table `floor_unit`
--

LOCK TABLES `floor_unit` WRITE;
/*!40000 ALTER TABLE `floor_unit` DISABLE KEYS */;
INSERT INTO `floor_unit` VALUES (1,14,1),(2,14,2),(3,12,3),(4,10,4),(5,11,4),(6,9,5),(7,10,5),(8,9,6),(9,9,7),(10,9,8);
/*!40000 ALTER TABLE `floor_unit` ENABLE KEYS */;
UNLOCK TABLES;

--
-- Table structure for table `role`
--

DROP TABLE IF EXISTS `role`;
/*!40101 SET @saved_cs_client     = @@character_set_client */;
/*!50503 SET character_set_client = utf8mb4 */;
CREATE TABLE `role` (
  `roleId` int(11) NOT NULL AUTO_INCREMENT,
  `roleName` varchar(10) NOT NULL,
  PRIMARY KEY (`roleId`) USING BTREE
) ENGINE=InnoDB AUTO_INCREMENT=3 DEFAULT CHARSET=utf8 ROW_FORMAT=DYNAMIC;
/*!40101 SET character_set_client = @saved_cs_client */;

--
-- Dumping data for table `role`
--

LOCK TABLES `role` WRITE;
/*!40000 ALTER TABLE `role` DISABLE KEYS */;
INSERT INTO `role` VALUES (1,'Admin'),(2,'User');
/*!40000 ALTER TABLE `role` ENABLE KEYS */;
UNLOCK TABLES;

--
-- Table structure for table `shelf`
--

DROP TABLE IF EXISTS `shelf`;
/*!40101 SET @saved_cs_client     = @@character_set_client */;
/*!50503 SET character_set_client = utf8mb4 */;
CREATE TABLE `shelf` (
  `shelfId` char(5) NOT NULL,
  `floor` int(11) NOT NULL,
  PRIMARY KEY (`shelfId`) USING BTREE,
  KEY `fk_Shelf_Floor_idx` (`floor`),
  CONSTRAINT `fk_Shelf_Floor` FOREIGN KEY (`floor`) REFERENCES `floor` (`floor`)
) ENGINE=InnoDB DEFAULT CHARSET=utf8 ROW_FORMAT=DYNAMIC;
/*!40101 SET character_set_client = @saved_cs_client */;

--
-- Dumping data for table `shelf`
--

LOCK TABLES `shelf` WRITE;
/*!40000 ALTER TABLE `shelf` DISABLE KEYS */;
INSERT INTO `shelf` VALUES ('09001',9),('09002',9),('09003',9),('09004',9),('09005',9),('09006',9),('09007',9),('09008',9),('09009',9),('09010',9),('09011',9),('09012',9),('09013',9),('09014',9),('09015',9),('09016',9),('09017',9),('09018',9),('09019',9),('09020',9),('09021',9),('09022',9),('09023',9),('09024',9),('09025',9),('09026',9),('09027',9),('09028',9),('09029',9),('09030',9),('09031',9),('09032',9),('09033',9),('09034',9),('09035',9),('09036',9),('09037',9),('09038',9),('09039',9),('09040',9),('09041',9),('09042',9),('09043',9),('09044',9),('09045',9),('09046',9),('09047',9),('09048',9),('09049',9),('09050',9),('09051',9),('09052',9),('09053',9),('09054',9),('09055',9),('09056',9),('09057',9),('09058',9),('09059',9),('09060',9),('09061',9),('09062',9),('09063',9),('09064',9),('09065',9),('09066',9),('09067',9),('09068',9),('09069',9),('09070',9),('09071',9),('09072',9),('09073',9),('09074',9),('09075',9),('09076',9),('09077',9),('09078',9),('09079',9),('09080',9),('09081',9),('09082',9),('09083',9),('09084',9),('09085',9),('09086',9),('09087',9),('09088',9),('09089',9),('09090',9),('09091',9),('09092',9),('09093',9),('09094',9),('09095',9),('09096',9),('09097',9),('09098',9),('09099',9),('09100',9),('10001',10),('10002',10),('10003',10),('10004',10),('10005',10),('10006',10),('10007',10),('10008',10),('10009',10),('10010',10),('10011',10),('10012',10),('10013',10),('10014',10),('10015',10),('10016',10),('10017',10),('10018',10),('10019',10),('10020',10),('10021',10),('10022',10),('10023',10),('10024',10),('10025',10),('10026',10),('10027',10),('10028',10),('10029',10),('10030',10),('10031',10),('10032',10),('10033',10),('10034',10),('10035',10),('10036',10),('10037',10),('10038',10),('10039',10),('10040',10),('10041',10),('10042',10),('10043',10),('10044',10),('10045',10),('10046',10),('10047',10),('10048',10),('10049',10),('10050',10),('10051',10),('10052',10),('10053',10),('10054',10),('10055',10),('10056',10),('10057',10),('10058',10),('10059',10),('10060',10),('10061',10),('10062',10),('10063',10),('10064',10),('10065',10),('10066',10),('10067',10),('10068',10),('10069',10),('10070',10),('10071',10),('10072',10),('10073',10),('10074',10),('10075',10),('10076',10),('10077',10),('10078',10),('10079',10),('10080',10),('10081',10),('10082',10),('10083',10),('10084',10),('10085',10),('10086',10),('10087',10),('10088',10),('10089',10),('10090',10),('10091',10),('10092',10),('10093',10),('10094',10),('10095',10),('10096',10),('10097',10),('10098',10),('10099',10),('10100',10),('11001',11),('11002',11),('11003',11),('11004',11),('11005',11),('11006',11),('11007',11),('11008',11),('11009',11),('11010',11),('11011',11),('11012',11),('11013',11),('11014',11),('11015',11),('11016',11),('11017',11),('11018',11),('11019',11),('11020',11),('11021',11),('11022',11),('11023',11),('11024',11),('11025',11),('11026',11),('11027',11),('11028',11),('11029',11),('11030',11),('11031',11),('11032',11),('11033',11),('11034',11),('11035',11),('11036',11),('11037',11),('11038',11),('11039',11),('11040',11),('11041',11),('11042',11),('11043',11),('11044',11),('11045',11),('11046',11),('11047',11),('11048',11),('11049',11),('11050',11),('11051',11),('11052',11),('11053',11),('11054',11),('11055',11),('11056',11),('11057',11),('11058',11),('11059',11),('11060',11),('11061',11),('11062',11),('11063',11),('11064',11),('11065',11),('11066',11),('11067',11),('11068',11),('11069',11),('11070',11),('11071',11),('11072',11),('11073',11),('11074',11),('11075',11),('11076',11),('11077',11),('11078',11),('11079',11),('11080',11),('11081',11),('11082',11),('11083',11),('11084',11),('11085',11),('11086',11),('11087',11),('11088',11),('11089',11),('11090',11),('11091',11),('11092',11),('11093',11),('11094',11),('11095',11),('11096',11),('11097',11),('11098',11),('11099',11),('11100',11),('12001',12),('12002',12),('12003',12),('12004',12),('12005',12),('12006',12),('12007',12),('12008',12),('12009',12),('12010',12),('12011',12),('12012',12),('12013',12),('12014',12),('12015',12),('12016',12),('12017',12),('12018',12),('12019',12),('12020',12),('12021',12),('12022',12),('12023',12),('12024',12),('12025',12),('12026',12),('12027',12),('12028',12),('12029',12),('12030',12),('12031',12),('12032',12),('12033',12),('12034',12),('12035',12),('12036',12),('12037',12),('12038',12),('12039',12),('12040',12),('12041',12),('12042',12),('12043',12),('12044',12),('12045',12),('12046',12),('12047',12),('12048',12),('12049',12),('12050',12),('12051',12),('12052',12),('12053',12),('12054',12),('12055',12),('12056',12),('12057',12),('12058',12),('12059',12),('12060',12),('12061',12),('12062',12),('12063',12),('12064',12),('12065',12),('12066',12),('12067',12),('12068',12),('12069',12),('12070',12),('12071',12),('12072',12),('12073',12),('12074',12),('12075',12),('12076',12),('12077',12),('12078',12),('12079',12),('12080',12),('12081',12),('12082',12),('12083',12),('12084',12),('12085',12),('12086',12),('12087',12),('12088',12),('12089',12),('12090',12),('12091',12),('12092',12),('12093',12),('12094',12),('12095',12),('12096',12),('12097',12),('12098',12),('12099',12),('12100',12),('14001',14),('14002',14),('14003',14),('14004',14),('14005',14),('14006',14),('14007',14),('14008',14),('14009',14),('14010',14),('14011',14),('14012',14),('14013',14),('14014',14),('14015',14),('14016',14),('14017',14),('14018',14),('14019',14),('14020',14),('14021',14),('14022',14),('14023',14),('14024',14),('14025',14),('14026',14),('14027',14),('14028',14),('14029',14),('14030',14),('14031',14),('14032',14),('14033',14),('14034',14),('14035',14),('14036',14),('14037',14),('14038',14),('14039',14),('14040',14),('14041',14),('14042',14),('14043',14),('14044',14),('14045',14),('14046',14),('14047',14),('14048',14),('14049',14),('14050',14),('14051',14),('14052',14),('14053',14),('14054',14),('14055',14),('14056',14),('14057',14),('14058',14),('14059',14),('14060',14),('14061',14),('14062',14),('14063',14),('14064',14),('14065',14),('14066',14),('14067',14),('14068',14),('14069',14),('14070',14),('14071',14),('14072',14),('14073',14),('14074',14),('14075',14),('14076',14),('14077',14),('14078',14),('14079',14),('14080',14),('14081',14),('14082',14),('14083',14),('14084',14),('14085',14),('14086',14),('14087',14),('14088',14),('14089',14),('14090',14),('14091',14),('14092',14),('14093',14),('14094',14),('14095',14),('14096',14),('14097',14),('14098',14),('14099',14),('14100',14);
/*!40000 ALTER TABLE `shelf` ENABLE KEYS */;
UNLOCK TABLES;

--
-- Table structure for table `unit`
--

DROP TABLE IF EXISTS `unit`;
/*!40101 SET @saved_cs_client     = @@character_set_client */;
/*!50503 SET character_set_client = utf8mb4 */;
CREATE TABLE `unit` (
  `unitId` int(11) NOT NULL AUTO_INCREMENT,
  `unitName` varchar(50) NOT NULL,
  `leaderId` int(11) DEFAULT NULL,
  PRIMARY KEY (`unitId`) USING BTREE
) ENGINE=InnoDB AUTO_INCREMENT=9 DEFAULT CHARSET=utf8 ROW_FORMAT=DYNAMIC;
/*!40101 SET character_set_client = @saved_cs_client */;

--
-- Dumping data for table `unit`
--

LOCK TABLES `unit` WRITE;
/*!40000 ALTER TABLE `unit` DISABLE KEYS */;
INSERT INTO `unit` VALUES (1,'Healthcare',1),(2,'SAP',2),(3,'Core Delivery',3),(4,'Insurance',4),(5,'Core Delivery ',5),(6,'Core Delivery',6),(7,'Core Delivery',7),(8,'JVDC',8);
/*!40000 ALTER TABLE `unit` ENABLE KEYS */;
UNLOCK TABLES;

--
-- Table structure for table `user`
--

DROP TABLE IF EXISTS `user`;
/*!40101 SET @saved_cs_client     = @@character_set_client */;
/*!50503 SET character_set_client = utf8mb4 */;
CREATE TABLE `user` (
  `userId` int(11) NOT NULL AUTO_INCREMENT,
  `userName` varchar(30) NOT NULL,
  `password` varchar(100) DEFAULT NULL,
  `roleId` int(11) DEFAULT NULL,
  `unitId` int(11) DEFAULT NULL,
  `fullname` varchar(50) DEFAULT NULL,
  `email` varchar(50) DEFAULT NULL,
  `phone` varchar(11) DEFAULT NULL,
  `shortname` varchar(10) DEFAULT NULL,
  `avatar` varchar(50) DEFAULT NULL,
  PRIMARY KEY (`userId`) USING BTREE,
  UNIQUE KEY `userId` (`userId`) USING BTREE,
  KEY `fk_UserRole` (`roleId`) USING BTREE,
  KEY `fk_UserUnit` (`unitId`) USING BTREE,
  CONSTRAINT `fk_UserRole` FOREIGN KEY (`roleId`) REFERENCES `role` (`roleId`),
  CONSTRAINT `fk_UserUnit` FOREIGN KEY (`unitId`) REFERENCES `unit` (`unitId`)
) ENGINE=InnoDB AUTO_INCREMENT=224 DEFAULT CHARSET=utf8 ROW_FORMAT=DYNAMIC;
/*!40101 SET character_set_client = @saved_cs_client */;

--
-- Dumping data for table `user`
--

LOCK TABLES `user` WRITE;
/*!40000 ALTER TABLE `user` DISABLE KEYS */;
INSERT INTO `user` VALUES (1,'DuongNguyen',NULL,1,1,'Duong Nguyen','dnguyen@dxc.com','0123456789','dnguyen',NULL),(2,'MaiNguyen',NULL,1,2,'Mai Nguyen','mnguyen@dxc.com','0123456789','mnguyen',NULL),(3,'NgocDang',NULL,1,3,'Ngoc Dang','ndang@dxc.com','0123456789','ndang',NULL),(4,'KhanhLam',NULL,1,4,'Khanh Lam','klam@dxc.com','0123456789','klam',NULL),(5,'BaoNgo',NULL,1,5,'Bao Ngo','bngo@dxc.com','0123456789','bngo',NULL),(6,'LamNgo',NULL,1,6,'Lam Ngo','lngo@dxc.com','0123456789','lngo',NULL),(7,'MaiHoang',NULL,1,7,'Mai Hoang','mhoang@dxc.com','0123456789','mhoang',NULL),(8,'ThangDang',NULL,1,8,'Thang Dang','tdang@dxc.com','0123456789','tdang',NULL),(10,'ANguyen',NULL,2,1,'Nguyen Van A','anguyen@dxc.com','0123456789','anguyen',NULL),(11,'BNguyen',NULL,2,1,'Nguyen Van B','bnguyen@dxc.com','0123456789','bnguyen',NULL),(12,'CNguyen',NULL,2,1,'Nguyen Van C','cnguyen@dxc.com','0123456789','cnguyen',NULL),(13,'DNguyen',NULL,2,1,'Nguyen Van D','dnguyen@dxc.com','0123456789','dnguyen',NULL),(14,'ENguyen',NULL,2,1,'Nguyen Van E','enguyen@dxc.com','0123456789','enguyen',NULL),(15,'FNguyen',NULL,2,1,'Nguyen Van F','fnguyen@dxc.com','0123456789','fnguyen',NULL),(16,'GNguyen',NULL,2,1,'Nguyen Van G','gnguyen@dxc.com','0123456789','gnguyen',NULL),(17,'HNguyen',NULL,2,1,'Nguyen Van H','hnguyen@dxc.com','0123456789','hnguyen',NULL),(18,'INguyen',NULL,2,1,'Nguyen Van I','inguyen@dxc.com','0123456789','inguyen',NULL),(19,'JNguyen',NULL,2,1,'Nguyen Van J','jnguyen@dxc.com','0123456789','jnguyen',NULL),(20,'KNguyen',NULL,2,1,'Nguyen Van K','knguyen@dxc.com','0123456789','knguyen',NULL),(21,'LNguyen',NULL,2,1,'Nguyen Van L','lnguyen@dxc.com','0123456789','lnguyen',NULL),(22,'MNguyen',NULL,2,1,'Nguyen Van M','mnguyen@dxc.com','0123456789','mnguyen',NULL),(23,'NNguyen',NULL,2,1,'Nguyen Van N','nnguyen@dxc.com','0123456789','nnguyen',NULL),(24,'ONguyen',NULL,2,1,'Nguyen Van O','onguyen@dxc.com','0123456789','onguyen',NULL),(25,'PNguyen',NULL,2,1,'Nguyen Van P','pnguyen@dxc.com','0123456789','pnguyen',NULL),(26,'QNguyen',NULL,2,1,'Nguyen Van Q','qnguyen@dxc.com','0123456789','qnguyen',NULL),(27,'RNguyen',NULL,2,1,'Nguyen Van R','rnguyen@dxc.com','0123456789','rnguyen',NULL),(28,'SNguyen',NULL,2,1,'Nguyen Van S','snguyen@dxc.com','0123456789','snguyen',NULL),(29,'TNguyen',NULL,2,1,'Nguyen Van T','tnguyen@dxc.com','0123456789','tnguyen',NULL),(30,'UNguyen',NULL,2,1,'Nguyen Van U','unguyen@dxc.com','0123456789','unguyen',NULL),(31,'VNguyen',NULL,2,1,'Nguyen Van V','vnguyen@dxc.com','0123456789','vnguyen',NULL),(32,'XNguyen',NULL,2,1,'Nguyen Van X','xnguyen@dxc.com','0123456789','xnguyen',NULL),(33,'YNguyen',NULL,2,1,'Nguyen Van Y','ynguyen@dxc.com','0123456789','ynguyen',NULL),(34,'ADNguyen',NULL,2,2,'Nguyen Van AD','adnguyen@dxc.com','0223456789','adnguyen',NULL),(35,'AENguyen',NULL,2,2,'Nguyen Van AE','aenguyen@dxc.com','0223456789','aenguyen',NULL),(36,'AFNguyen',NULL,2,2,'Nguyen Van AF','afnguyen@dxc.com','0223456789','afnguyen',NULL),(37,'AGNguyen',NULL,2,2,'Nguyen Van AG','agnguyen@dxc.com','0223456789','agnguyen',NULL),(38,'AHNguyen',NULL,2,2,'Nguyen Van AH','ahnguyen@dxc.com','0223456789','ahnguyen',NULL),(39,'AINguyen',NULL,2,2,'Nguyen Van AI','ainguyen@dxc.com','0223456789','ainguyen',NULL),(40,'AJNguyen',NULL,2,2,'Nguyen Van AJ','ajnguyen@dxc.com','0223456789','ajnguyen',NULL),(41,'AKNguyen',NULL,2,2,'Nguyen Van AK','aknguyen@dxc.com','0223456789','aknguyen',NULL),(42,'ALNguyen',NULL,2,2,'Nguyen Van AL','alnguyen@dxc.com','0223456789','alnguyen',NULL),(43,'AMNguyen',NULL,2,2,'Nguyen Van AM','amnguyen@dxc.com','0223456789','amnguyen',NULL),(44,'ANNguyen',NULL,2,2,'Nguyen Van AN','annguyen@dxc.com','0223456789','annguyen',NULL),(45,'AONguyen',NULL,2,2,'Nguyen Van AO','aonguyen@dxc.com','0223456789','aonguyen',NULL),(46,'APNguyen',NULL,2,2,'Nguyen Van AP','apnguyen@dxc.com','0223456789','apnguyen',NULL),(47,'AQNguyen',NULL,2,2,'Nguyen Van AQ','aqnguyen@dxc.com','0223456789','aqnguyen',NULL),(48,'ARNguyen',NULL,2,2,'Nguyen Van AR','arnguyen@dxc.com','0223456789','arnguyen',NULL),(49,'ASNguyen',NULL,2,2,'Nguyen Van AS','asnguyen@dxc.com','0223456789','asnguyen',NULL),(50,'ATNguyen',NULL,2,2,'Nguyen Van AT','atnguyen@dxc.com','0223456789','atnguyen',NULL),(51,'AUNguyen',NULL,2,2,'Nguyen Van AU','aunguyen@dxc.com','0223456789','aunguyen',NULL),(52,'AVNguyen',NULL,2,2,'Nguyen Van AV','avnguyen@dxc.com','0223456789','avnguyen',NULL),(53,'AXNguyen',NULL,2,2,'Nguyen Van AX','axnguyen@dxc.com','0223456789','axnguyen',NULL),(54,'AYNguyen',NULL,2,2,'Nguyen Van AY','aynguyen@dxc.com','0223456789','aynguyen',NULL),(76,'BDNguyen',NULL,2,3,'Nguyen Van BD','Bdnguyen@dxc.com','0223456789','Bdnguyen',NULL),(77,'BENguyen',NULL,2,3,'Nguyen Van BE','Benguyen@dxc.com','0223456789','Benguyen',NULL),(78,'BFNguyen',NULL,2,3,'Nguyen Van BF','Bfnguyen@dxc.com','0223456789','Bfnguyen',NULL),(79,'BGNguyen',NULL,2,3,'Nguyen Van BG','Bgnguyen@dxc.com','0223456789','Bgnguyen',NULL),(80,'BHNguyen',NULL,2,3,'Nguyen Van BH','Bhnguyen@dxc.com','0223456789','Bhnguyen',NULL),(81,'BINguyen',NULL,2,3,'Nguyen Van BI','Binguyen@dxc.com','0223456789','Binguyen',NULL),(82,'BJNguyen',NULL,2,3,'Nguyen Van BJ','Bjnguyen@dxc.com','0223456789','Bjnguyen',NULL),(83,'BKNguyen',NULL,2,3,'Nguyen Van BK','Bknguyen@dxc.com','0223456789','Bknguyen',NULL),(84,'BLNguyen',NULL,2,3,'Nguyen Van BL','Blnguyen@dxc.com','0223456789','Blnguyen',NULL),(85,'BMNguyen',NULL,2,3,'Nguyen Van BM','Bmnguyen@dxc.com','0223456789','Bmnguyen',NULL),(86,'BNNguyen',NULL,2,3,'Nguyen Van BN','Bnnguyen@dxc.com','0223456789','Bnnguyen',NULL),(87,'BONguyen',NULL,2,3,'Nguyen Van BO','Bonguyen@dxc.com','0223456789','Bonguyen',NULL),(88,'BPNguyen',NULL,2,3,'Nguyen Van BP','Bpnguyen@dxc.com','0223456789','Bpnguyen',NULL),(89,'BQNguyen',NULL,2,3,'Nguyen Van BQ','Bqnguyen@dxc.com','0223456789','Bqnguyen',NULL),(90,'BRNguyen',NULL,2,3,'Nguyen Van BR','Brnguyen@dxc.com','0223456789','Brnguyen',NULL),(91,'BSNguyen',NULL,2,3,'Nguyen Van BS','Bsnguyen@dxc.com','0223456789','Bsnguyen',NULL),(92,'BTNguyen',NULL,2,3,'Nguyen Van BT','Btnguyen@dxc.com','0223456789','Btnguyen',NULL),(93,'BUNguyen',NULL,2,3,'Nguyen Van BU','Bunguyen@dxc.com','0223456789','Bunguyen',NULL),(94,'BVNguyen',NULL,2,3,'Nguyen Van BV','Bvnguyen@dxc.com','0223456789','Bvnguyen',NULL),(95,'BXNguyen',NULL,2,3,'Nguyen Van BX','Bxnguyen@dxc.com','0223456789','Bxnguyen',NULL),(96,'BYNguyen',NULL,2,3,'Nguyen Van BY','Bynguyen@dxc.com','0223456789','Bynguyen',NULL),(97,'CDNguyen',NULL,2,4,'Nguyen Van CD','Cdnguyen@dxc.com','0123456789','Cdnguyen',NULL),(98,'CENguyen',NULL,2,4,'Nguyen Van CE','Cenguyen@dxc.com','0123456789','Cenguyen',NULL),(99,'CFNguyen',NULL,2,4,'Nguyen Van CF','Cfnguyen@dxc.com','0123456789','Cfnguyen',NULL),(100,'CGNguyen',NULL,2,4,'Nguyen Van CG','Cgnguyen@dxc.com','0123456789','Cgnguyen',NULL),(101,'CHNguyen',NULL,2,4,'Nguyen Van CH','Chnguyen@dxc.com','0123456789','Chnguyen',NULL),(102,'CINguyen',NULL,2,4,'Nguyen Van CI','Cinguyen@dxc.com','0123456789','Cinguyen',NULL),(103,'CJNguyen',NULL,2,4,'Nguyen Van CJ','Cjnguyen@dxc.com','0123456789','Cjnguyen',NULL),(104,'CKNguyen',NULL,2,4,'Nguyen Van CK','Cknguyen@dxc.com','0123456789','Cknguyen',NULL),(105,'CLNguyen',NULL,2,4,'Nguyen Van CL','Clnguyen@dxc.com','0123456789','Clnguyen',NULL),(106,'CMNguyen',NULL,2,4,'Nguyen Van CM','Cmnguyen@dxc.com','0123456789','Cmnguyen',NULL),(107,'CNNguyen',NULL,2,4,'Nguyen Van CN','Cnnguyen@dxc.com','0123456789','Cnnguyen',NULL),(108,'CONguyen',NULL,2,4,'Nguyen Van CO','Conguyen@dxc.com','0123456789','Conguyen',NULL),(109,'CPNguyen',NULL,2,4,'Nguyen Van CP','Cpnguyen@dxc.com','0123456789','Cpnguyen',NULL),(110,'CQNguyen',NULL,2,4,'Nguyen Van CQ','Cqnguyen@dxc.com','0123456789','Cqnguyen',NULL),(111,'CRNguyen',NULL,2,4,'Nguyen Van CR','Crnguyen@dxc.com','0123456789','Crnguyen',NULL),(112,'CSNguyen',NULL,2,4,'Nguyen Van CS','Csnguyen@dxc.com','0123456789','Csnguyen',NULL),(113,'CTNguyen',NULL,2,4,'Nguyen Van CT','Ctnguyen@dxc.com','0123456789','Ctnguyen',NULL),(114,'CUNguyen',NULL,2,4,'Nguyen Van CU','Cunguyen@dxc.com','0123456789','Cunguyen',NULL),(115,'CVNguyen',NULL,2,4,'Nguyen Van CV','Cvnguyen@dxc.com','0123456789','Cvnguyen',NULL),(116,'CXNguyen',NULL,2,4,'Nguyen Van CX','Cxnguyen@dxc.com','0123456789','Cxnguyen',NULL),(117,'CYNguyen',NULL,2,4,'Nguyen Van CY','Cynguyen@dxc.com','0123456789','Cynguyen',NULL),(118,'DDNguyen',NULL,2,5,'Nguyen Van DD','Ddnguyen@dxD.Dom','0123456789','Ddnguyen',NULL),(119,'DENguyen',NULL,2,5,'Nguyen Van DE','Denguyen@dxD.Dom','0123456789','Denguyen',NULL),(120,'DFNguyen',NULL,2,5,'Nguyen Van DF','Dfnguyen@dxD.Dom','0123456789','Dfnguyen',NULL),(121,'DGNguyen',NULL,2,5,'Nguyen Van DG','Dgnguyen@dxD.Dom','0123456789','Dgnguyen',NULL),(122,'DHNguyen',NULL,2,5,'Nguyen Van DH','Dhnguyen@dxD.Dom','0123456789','Dhnguyen',NULL),(123,'DINguyen',NULL,2,5,'Nguyen Van DI','Dinguyen@dxD.Dom','0123456789','Dinguyen',NULL),(124,'DJNguyen',NULL,2,5,'Nguyen Van DJ','Djnguyen@dxD.Dom','0123456789','Djnguyen',NULL),(125,'DKNguyen',NULL,2,5,'Nguyen Van DK','Dknguyen@dxD.Dom','0123456789','Dknguyen',NULL),(126,'DLNguyen',NULL,2,5,'Nguyen Van DL','Dlnguyen@dxD.Dom','0123456789','Dlnguyen',NULL),(127,'DMNguyen',NULL,2,5,'Nguyen Van DM','Dmnguyen@dxD.Dom','0123456789','Dmnguyen',NULL),(128,'DNNguyen',NULL,2,5,'Nguyen Van DN','Dnnguyen@dxD.Dom','0123456789','Dnnguyen',NULL),(129,'DONguyen',NULL,2,5,'Nguyen Van DO','Donguyen@dxD.Dom','0123456789','Donguyen',NULL),(130,'DPNguyen',NULL,2,5,'Nguyen Van DP','Dpnguyen@dxD.Dom','0123456789','Dpnguyen',NULL),(131,'DQNguyen',NULL,2,5,'Nguyen Van DQ','Dqnguyen@dxD.Dom','0123456789','Dqnguyen',NULL),(132,'DRNguyen',NULL,2,5,'Nguyen Van DR','Drnguyen@dxD.Dom','0123456789','Drnguyen',NULL),(133,'DSNguyen',NULL,2,5,'Nguyen Van DS','Dsnguyen@dxD.Dom','0123456789','Dsnguyen',NULL),(134,'DTNguyen',NULL,2,5,'Nguyen Van DT','Dtnguyen@dxD.Dom','0123456789','Dtnguyen',NULL),(135,'DUNguyen',NULL,2,5,'Nguyen Van DU','Dunguyen@dxD.Dom','0123456789','Dunguyen',NULL),(136,'DVNguyen',NULL,2,5,'Nguyen Van DV','Dvnguyen@dxD.Dom','0123456789','Dvnguyen',NULL),(137,'DXNguyen',NULL,2,5,'Nguyen Van DX','Dxnguyen@dxD.Dom','0123456789','Dxnguyen',NULL),(138,'DYNguyen',NULL,2,5,'Nguyen Van DY','Dynguyen@dxD.Dom','0123456789','Dynguyen',NULL),(139,'EDNguyen',NULL,2,6,'Nguyen Van ED','EDnguyen@ExE.Eom','0123466789','Ednguyen',NULL),(140,'EENguyen',NULL,2,6,'Nguyen Van EE','Eenguyen@ExE.Eom','0123466789','Eenguyen',NULL),(141,'EFNguyen',NULL,2,6,'Nguyen Van EF','Efnguyen@ExE.Eom','0123466789','Efnguyen',NULL),(142,'EGNguyen',NULL,2,6,'Nguyen Van EG','Egnguyen@ExE.Eom','0123466789','Egnguyen',NULL),(143,'EHNguyen',NULL,2,6,'Nguyen Van EH','Ehnguyen@ExE.Eom','0123466789','Ehnguyen',NULL),(144,'EINguyen',NULL,2,6,'Nguyen Van EI','Einguyen@ExE.Eom','0123466789','Einguyen',NULL),(145,'EJNguyen',NULL,2,6,'Nguyen Van EJ','Ejnguyen@ExE.Eom','0123466789','Ejnguyen',NULL),(146,'EKNguyen',NULL,2,6,'Nguyen Van EK','Eknguyen@ExE.Eom','0123466789','Eknguyen',NULL),(147,'ELNguyen',NULL,2,6,'Nguyen Van EL','Elnguyen@ExE.Eom','0123466789','Elnguyen',NULL),(148,'EMNguyen',NULL,2,6,'Nguyen Van EM','Emnguyen@ExE.Eom','0123466789','Emnguyen',NULL),(149,'ENNguyen',NULL,2,6,'Nguyen Van EN','Ennguyen@ExE.Eom','0123466789','Ennguyen',NULL),(150,'EONguyen',NULL,2,6,'Nguyen Van EO','Eonguyen@ExE.Eom','0123466789','Eonguyen',NULL),(151,'EPNguyen',NULL,2,6,'Nguyen Van EP','Epnguyen@ExE.Eom','0123466789','Epnguyen',NULL),(152,'EQNguyen',NULL,2,6,'Nguyen Van EQ','Eqnguyen@ExE.Eom','0123466789','Eqnguyen',NULL),(153,'ERNguyen',NULL,2,6,'Nguyen Van ER','Ernguyen@ExE.Eom','0123466789','Ernguyen',NULL),(154,'ESNguyen',NULL,2,6,'Nguyen Van ES','Esnguyen@ExE.Eom','0123466789','Esnguyen',NULL),(155,'ETNguyen',NULL,2,6,'Nguyen Van ET','Etnguyen@ExE.Eom','0123466789','Etnguyen',NULL),(156,'EUNguyen',NULL,2,6,'Nguyen Van EU','Eunguyen@ExE.Eom','0123466789','Eunguyen',NULL),(157,'EVNguyen',NULL,2,6,'Nguyen Van EV','Evnguyen@ExE.Eom','0123466789','Evnguyen',NULL),(158,'EXNguyen',NULL,2,6,'Nguyen Van EX','Exnguyen@ExE.Eom','0123466789','Exnguyen',NULL),(159,'EYNguyen',NULL,2,6,'Nguyen Van EY','Eynguyen@ExE.Eom','0123466789','Eynguyen',NULL),(160,'fDNguyen',NULL,2,6,'Nguyen Van fD','fDNguyen@fxf.fom','0123466789','fdNguyen',NULL),(161,'feNguyen',NULL,2,6,'Nguyen Van ff','ffNguyen@fxf.fom','0123466789','feNguyen',NULL),(162,'fFNguyen',NULL,2,6,'Nguyen Van fF','ffNguyen@fxf.fom','0123466789','ffNguyen',NULL),(163,'fGNguyen',NULL,2,6,'Nguyen Van fG','fgNguyen@fxf.fom','0123466789','fgNguyen',NULL),(164,'fHNguyen',NULL,2,6,'Nguyen Van fH','fhNguyen@fxf.fom','0123466789','fhNguyen',NULL),(165,'fINguyen',NULL,2,6,'Nguyen Van fI','fiNguyen@fxf.fom','0123466789','fiNguyen',NULL),(166,'fJNguyen',NULL,2,6,'Nguyen Van fJ','fjNguyen@fxf.fom','0123466789','fjNguyen',NULL),(167,'fKNguyen',NULL,2,6,'Nguyen Van fK','fkNguyen@fxf.fom','0123466789','fkNguyen',NULL),(168,'fLNguyen',NULL,2,6,'Nguyen Van fL','flNguyen@fxf.fom','0123466789','flNguyen',NULL),(169,'fMNguyen',NULL,2,6,'Nguyen Van fM','fmNguyen@fxf.fom','0123466789','fmNguyen',NULL),(170,'fNNguyen',NULL,2,6,'Nguyen Van fN','fnNguyen@fxf.fom','0123466789','fnNguyen',NULL),(171,'fONguyen',NULL,2,6,'Nguyen Van fO','foNguyen@fxf.fom','0123466789','foNguyen',NULL),(172,'fPNguyen',NULL,2,6,'Nguyen Van fP','fpNguyen@fxf.fom','0123466789','fpNguyen',NULL),(173,'fQNguyen',NULL,2,6,'Nguyen Van fQ','fqNguyen@fxf.fom','0123466789','fqNguyen',NULL),(174,'fRNguyen',NULL,2,6,'Nguyen Van fR','frNguyen@fxf.fom','0123466789','frNguyen',NULL),(175,'fSNguyen',NULL,2,6,'Nguyen Van fS','fsNguyen@fxf.fom','0123466789','fsNguyen',NULL),(176,'fTNguyen',NULL,2,6,'Nguyen Van fT','ftNguyen@fxf.fom','0123466789','ftNguyen',NULL),(177,'fUNguyen',NULL,2,6,'Nguyen Van fU','fuNguyen@fxf.fom','0123466789','fuNguyen',NULL),(178,'fVNguyen',NULL,2,6,'Nguyen Van fV','fvNguyen@fxf.fom','0123466789','fvNguyen',NULL),(179,'fXNguyen',NULL,2,6,'Nguyen Van fX','fxNguyen@fxf.fom','0123466789','fxNguyen',NULL),(180,'fYNguyen',NULL,2,6,'Nguyen Van fY','fyNguyen@fxf.fom','0123466789','fynguyen',NULL),(181,'fDNguyen',NULL,2,7,'Nguyen Van fD','fDNguyen@fxf.fom','0123456789','fdNguyen',NULL),(182,'feNguyen',NULL,2,7,'Nguyen Van ff','ffNguyen@fxf.fom','0123456789','feNguyen',NULL),(183,'fFNguyen',NULL,2,7,'Nguyen Van fF','ffNguyen@fxf.fom','0123456789','ffNguyen',NULL),(184,'fGNguyen',NULL,2,7,'Nguyen Van fG','fgNguyen@fxf.fom','0123456789','fgNguyen',NULL),(185,'fHNguyen',NULL,2,7,'Nguyen Van fH','fhNguyen@fxf.fom','0123456789','fhNguyen',NULL),(186,'fINguyen',NULL,2,7,'Nguyen Van fI','fiNguyen@fxf.fom','0123456789','fiNguyen',NULL),(187,'fJNguyen',NULL,2,7,'Nguyen Van fJ','fjNguyen@fxf.fom','0123456789','fjNguyen',NULL),(188,'fKNguyen',NULL,2,7,'Nguyen Van fK','fkNguyen@fxf.fom','0123456789','fkNguyen',NULL),(189,'fLNguyen',NULL,2,7,'Nguyen Van fL','flNguyen@fxf.fom','0123456789','flNguyen',NULL),(190,'fMNguyen',NULL,2,7,'Nguyen Van fM','fmNguyen@fxf.fom','0123456789','fmNguyen',NULL),(191,'fNNguyen',NULL,2,7,'Nguyen Van fN','fnNguyen@fxf.fom','0123456789','fnNguyen',NULL),(192,'fONguyen',NULL,2,7,'Nguyen Van fO','foNguyen@fxf.fom','0123456789','foNguyen',NULL),(193,'fPNguyen',NULL,2,7,'Nguyen Van fP','fpNguyen@fxf.fom','0123456789','fpNguyen',NULL),(194,'fQNguyen',NULL,2,7,'Nguyen Van fQ','fqNguyen@fxf.fom','0123456789','fqNguyen',NULL),(195,'fRNguyen',NULL,2,7,'Nguyen Van fR','frNguyen@fxf.fom','0123456789','frNguyen',NULL),(196,'fSNguyen',NULL,2,7,'Nguyen Van fS','fsNguyen@fxf.fom','0123456789','fsNguyen',NULL),(197,'fTNguyen',NULL,2,7,'Nguyen Van fT','ftNguyen@fxf.fom','0123456789','ftNguyen',NULL),(198,'fUNguyen',NULL,2,7,'Nguyen Van fU','fuNguyen@fxf.fom','0123456789','fuNguyen',NULL),(199,'fVNguyen',NULL,2,7,'Nguyen Van fV','fvNguyen@fxf.fom','0123456789','fvNguyen',NULL),(200,'fXNguyen',NULL,2,7,'Nguyen Van fX','fxNguyen@fxf.fom','0123456789','fxNguyen',NULL),(201,'fYNguyen',NULL,2,7,'Nguyen Van fY','fyNguyen@fxf.fom','0123456789','fynguyen',NULL),(202,'GDNguyen',NULL,2,8,'Nguyen Van GD','GdNguyen@GxG.Gom','0123456889','GdNguyen',NULL),(203,'GENguyen',NULL,2,8,'Nguyen Van GE','GeNguyen@GxG.Gom','0123456889','GeNguyen',NULL),(204,'GFNguyen',NULL,2,8,'Nguyen Van GF','GfNguyen@GxG.Gom','0123456889','GfNguyen',NULL),(205,'GGNguyen',NULL,2,8,'Nguyen Van GG','GgNguyen@GxG.Gom','0123456889','GgNguyen',NULL),(206,'GHNguyen',NULL,2,8,'Nguyen Van GH','GhNguyen@GxG.Gom','0123456889','GhNguyen',NULL),(207,'GINguyen',NULL,2,8,'Nguyen Van GI','GiNguyen@GxG.Gom','0123456889','GiNguyen',NULL),(208,'GJNguyen',NULL,2,8,'Nguyen Van GJ','GjNguyen@GxG.Gom','0123456889','GjNguyen',NULL),(209,'GKNguyen',NULL,2,8,'Nguyen Van GK','GkNguyen@GxG.Gom','0123456889','GkNguyen',NULL),(210,'GLNguyen',NULL,2,8,'Nguyen Van GL','GlNguyen@GxG.Gom','0123456889','GlNguyen',NULL),(211,'GMNguyen',NULL,2,8,'Nguyen Van GM','GmNguyen@GxG.Gom','0123456889','GmNguyen',NULL),(212,'GNNguyen',NULL,2,8,'Nguyen Van GN','GnNguyen@GxG.Gom','0123456889','GnNguyen',NULL),(213,'GONguyen',NULL,2,8,'Nguyen Van GO','GoNguyen@GxG.Gom','0123456889','GoNguyen',NULL),(214,'GPNguyen',NULL,2,8,'Nguyen Van GP','GpNguyen@GxG.Gom','0123456889','GpNguyen',NULL),(215,'GQNguyen',NULL,2,8,'Nguyen Van GQ','GqNguyen@GxG.Gom','0123456889','GqNguyen',NULL),(216,'GRNguyen',NULL,2,8,'Nguyen Van GR','GrNguyen@GxG.Gom','0123456889','GrNguyen',NULL),(217,'GSNguyen',NULL,2,8,'Nguyen Van GS','GsNguyen@GxG.Gom','0123456889','GsNguyen',NULL),(218,'GTNguyen',NULL,2,8,'Nguyen Van GT','GtNguyen@GxG.Gom','0123456889','GtNguyen',NULL),(219,'GUNguyen',NULL,2,8,'Nguyen Van GU','GuNguyen@GxG.Gom','0123456889','GuNguyen',NULL),(220,'GVNguyen',NULL,2,8,'Nguyen Van GV','GvNguyen@GxG.Gom','0123456889','GvNguyen',NULL),(221,'GXNguyen',NULL,2,8,'Nguyen Van GX','GxNguyen@GxG.Gom','0123456889','GxNguyen',NULL),(222,'GYNguyen',NULL,2,8,'Nguyen Van GY','GyNguyen@GxG.Gom','0123456889','Gynguyen',NULL),(223,'dangkhoa116','12345678',1,1,'Truong Dang Khoa','dkhoa116@dxc.com','0123456789','dkhoa116',NULL);
/*!40000 ALTER TABLE `user` ENABLE KEYS */;
UNLOCK TABLES;
/*!40103 SET TIME_ZONE=@OLD_TIME_ZONE */;

/*!40101 SET SQL_MODE=@OLD_SQL_MODE */;
/*!40014 SET FOREIGN_KEY_CHECKS=@OLD_FOREIGN_KEY_CHECKS */;
/*!40014 SET UNIQUE_CHECKS=@OLD_UNIQUE_CHECKS */;
/*!40101 SET CHARACTER_SET_CLIENT=@OLD_CHARACTER_SET_CLIENT */;
/*!40101 SET CHARACTER_SET_RESULTS=@OLD_CHARACTER_SET_RESULTS */;
/*!40101 SET COLLATION_CONNECTION=@OLD_COLLATION_CONNECTION */;
/*!40111 SET SQL_NOTES=@OLD_SQL_NOTES */;

-- Dump completed on 2019-09-16 19:14:56
